"Author","Recs","LCS","GCS"
"Ghamisi P",6,21,399
"Hamza A",6,5,77
"Khan MA",6,5,77
"Liu Y",6,2,35
"Li J",5,0,160
"Li JY",5,1,28
"Wang HQ",5,0,15
"Zhu XX",5,22,624
"Gaetano R",4,8,339
"Hong DF",4,0,864
"Ienco D",4,8,339
"Li Q",4,3,181
"Li Y",4,1,45
"Li YS",4,3,85
"Qin WH",4,0,13
"Shi WP",4,0,13
"Stein A",4,1,113
"Wang LZ",4,4,148
"Wang XY",4,1,155
"Wu LF",4,0,14
"Zhang B",4,0,321
"Chanussot J",3,0,825
"Chen H",3,1,67
"Chen L",3,0,35
"Huang X",3,1,16
"Li DW",3,1,6
"Li DX",3,2,37
"Li W",3,6,196
"Li X",3,0,12
"Lin HF",3,4,53
"Liu B",3,0,96
"Liu P",3,0,24
"Nam Y",3,1,18
"Persello C",3,1,107
"Schmitt M",3,6,405
"Wang HJ",3,0,11
"Wang HY",3,1,53
"Wang J",3,0,139
"Xie WY",3,2,37
"Yang J",3,0,13
"Yokoya N",3,22,381
"Yu AZ",3,0,87
"Yun ZH",3,0,7
"Zhang Q",3,3,297
"Zhang RF",3,1,6
"Zhou J",3,3,22
"Zhu DH",3,0,170
"Zhuang Y",3,1,67
"Alalwan N",2,3,23
"Albarakati HM",2,2,43
"Alhammadi DA",2,0,11
"Ali A",2,0,2
"Alzahrani AI",2,3,23
"Ayhan B",2,1,68
"Bechtel B",2,6,171
"Bergado JR",2,1,78
"Bhatti MK",2,0,11
"Cao R",2,3,297
"Cerra D",2,17,269
"Chen A",2,0,10
"Chen PD",2,1,5
"Chen WT",2,0,69
"Chen Y",2,0,45
"Dong S",2,1,62
"Du Q",2,6,235
"Du XQ",2,5,87
"Fan RY",2,4,79
"Fang LY",2,2,35
"Feng QL",2,0,166
"Ge HM",2,0,3
"Gloaguen R",2,1,2
"Gong JY",2,0,22
"Guan HY",2,2,70
"He XY",2,0,13
"Hu QW",2,0,19
"Huang H",2,1,32
"Hussain KM",2,0,2
"Hänsch R",2,20,310
"Jahan F",2,3,21
"Jenssen R",2,4,55
"Joshi GP",2,0,35
"Kampffmeyer M",2,4,55
"Kuang GY",2,0,56
"Kwan C",2,1,68
"Le Saux B",2,22,374
"Lei L",2,0,56
"Li BG",2,0,166
"Li K",2,0,7
"Li QQ",2,3,297
"Li XJ",2,0,69
"Li ZW",2,0,58
"Liu MQ",2,0,3
"Liu R",2,3,33
"Liu TY",2,0,0
"Liu X",2,2,26
"Lu YB",2,1,31
"Ma J",2,0,13
"Maimaitijiang M",2,0,180
"Minh DHT",2,8,263
"Pan HZ",2,0,3
"Plaza A",2,0,109
"Qiu GP",2,3,297
"Rasti B",2,2,51
"Ren YR",2,1,5
"Rizaldy A",2,1,2
"Roy SK",2,0,130
"Salberg AB",2,4,55
"Sang QB",2,1,34
"Shao ZF",2,0,15
"Shen HF",2,0,54
"Shi CP",2,1,4
"Shi H",2,0,19
"Tu W",2,3,297
"Wang B",2,1,27
"Wang CJ",2,0,43
"Wang CY",2,0,13
"Wang F",2,0,6
"Wang GY",2,0,13
"Wang L",2,0,3
"Wang SX",2,2,26
"Wang SY",2,0,14
"Wang Y",2,0,36
"Wang YP",2,0,19
"Weng LG",2,0,16
"Xia M",2,0,16
"Xue ZX",2,0,73
"Yang H",2,0,28
"Yang JY",2,0,166
"Yang ZW",2,0,6
"Yao J",2,3,349
"Yu HY",2,0,1
"Yu L",2,1,136
"Yu XC",2,0,73
"Yu YT",2,2,70
"Zhang EW",2,0,15
"Zhang HK",2,0,9
"Zhang HS",2,6,73
"Zhang LP",2,17,281
"Zhang M",2,0,10
"Zhang MM",2,6,196
"Zhang PQ",2,0,73
"Zhang TX",2,0,8
"Zhang XH",2,4,101
"Zhang Z",2,0,11
"Zhang ZJ",2,0,28
"Zhao JH",2,0,16
"Zhao KY",2,0,2
"Zhao T",2,0,6
"Zheng K",2,1,12
"Zhong LH",2,2,40
"Zhong YF",2,0,38
"Zhou FH",2,0,14
"Zhu JS",2,3,297
"Zuo XB",2,2,26
"Aakur S",1,0,0
"Abirami G",1,0,0
"Abnane I",1,0,4
"Abraham A",1,0,0
"Afif AJ",1,1,2
"Ahmad M",1,0,63
"Ahmed T",1,0,0
"Ai MY",1,0,17
"Al-Khalidi M",1,3,15
"Al-Najjar HAH",1,0,146
"Alabdan R",1,0,0
"Alabdullah B",1,0,0
"AlAqil MA",1,0,0
"Alasiry A",1,1,7
"Alenezi F",1,0,35
"Aleryani A",1,0,4
"Algamdi SA",1,0,7
"Alharbi RM",1,0,0
"Alipour A",1,0,21
"Almofarreh M",1,0,0
"Almuqren L",1,1,36
"Alouane MTH",1,0,4
"Alroobaea R",1,1,36
"Alshahrani A",1,0,0
"Alshardan A",1,1,7
"Amirtharajan R",1,0,1
"An K",1,0,0
"Anderson DT",1,0,6
"Anh VD",1,0,1
"Anitha V",1,0,0
"Anjum T",1,0,0
"Antunes JFG",1,0,6
"Arasi MA",1,0,0
"Arenas D",1,1,18
"Arishi A",1,0,7
"Arndt J",1,0,3
"Arun YNK",1,0,0
"Aspri M",1,0,18
"Attaher S",1,0,1
"Attai H",1,0,23
"Atzberger C",1,0,3
"Auer S",1,0,6
"Awrangjeb M",1,3,19
"Babapour G",1,0,2
"Bai C",1,0,33
"Bai JJ",1,0,1
"Bai SJ",1,0,0
"Bakrac S",1,0,11
"Banerjee B",1,1,13
"Bao BQ",1,0,1
"Barkatullah M",1,0,0
"Bayartungalag B",1,0,78
"Bayet T",1,1,59
"Belgiu M",1,0,6
"Belouadha FZ",1,0,0
"Benbriqa H",1,0,4
"Bernabe S",1,0,46
"Bhardwaj A",1,0,0
"Bhatt A",1,0,8
"Bhatt VT",1,0,8
"Bian JH",1,0,4
"Bilal M",1,0,45
"Bispo PD",1,0,0
"Biswas M",1,0,31
"Blake D",1,0,2
"Bosco MJ",1,0,6
"Bowman J",1,0,3
"Brandmeier M",1,0,23
"Brindha R",1,0,0
"Brisco B",1,0,95
"Bruzzone L",1,0,7
"Buchroithner MF",1,0,0
"Budavari B",1,0,46
"Budde LE",1,0,4
"Bueno IT",1,0,6
"Bulatov D",1,0,4
"Buzzega P",1,0,35
"Cai YM",1,0,24
"Cai YX",1,0,8
"Cai ZH",1,0,24
"Calderara S",1,0,35
"Cambier C",1,1,59
"Canestrini M",1,0,5
"Canters F",1,0,107
"Cao C",1,0,0
"Cao JZ",1,0,132
"Cao LM",1,0,1
"Cao Q",1,0,18
"Cao TF",1,0,7
"Cao WB",1,0,0
"Cao YC",1,0,17
"Carmona E",1,17,263
"Carron J",1,0,171
"Castro JDB",1,1,21
"Chalumuri A",1,0,13
"Chang XL",1,0,1
"Chen BY",1,0,2
"Chen DL",1,0,5
"Chen DM",1,0,161
"Chen HF",1,0,1
"Chen J",1,0,12
"Chen JH",1,0,7
"Chen JS",1,0,66
"Chen JY",1,0,3
"Chen KM",1,1,9
"Chen MJ",1,0,0
"Chen N",1,0,1
"Chen NC",1,0,16
"Chen WH",1,0,8
"Chen YM",1,0,11
"Chen YS",1,0,39
"Chen YW",1,0,6
"Chen ZQ",1,0,16
"Cheng CQ",1,0,16
"Cheng CX",1,0,10
"Cheng JH",1,1,4
"Cheng L",1,0,5
"Cheng LX",1,0,1
"Cheng P",1,0,13
"Cheng Q",1,0,6
"Cheng TT",1,0,5
"Cheng WR",1,0,6
"Cheng YJ",1,0,6
"Cherif E",1,0,23
"Cho W",1,0,0
"Choudhury T",1,0,0
"Cipriano M",1,0,35
"Clausi DA",1,0,1
"Comber AJ",1,0,5
"Conte A",1,0,35
"Coutinho AC",1,0,6
"Cresson R",1,0,59
"Cuccu R",1,0,35
"Cui GS",1,1,9
"Cui ZY",1,0,0
"Dai JG",1,0,1
"Dai MF",1,0,7
"Dai X",1,0,14
"Damasevicius R",1,0,8
"Dang KB",1,2,71
"Darvishnezhad M",1,0,3
"Datcu M",1,4,492
"De Almeida CM",1,1,21
"Dembele JM",1,1,59
"Deng K",1,0,4
"Deng SG",1,0,1
"Deng SW",1,0,3
"Deng XP",1,0,66
"Dengel A",1,1,18
"Dennis M",1,0,0
"Deria A",1,0,63
"Diao CY",1,0,15
"Dias P",1,0,3
"Ding SH",1,1,3
"Ding XC",1,0,5
"Ding Y",1,0,0
"Divya C",1,0,1
"Djordjevic A",1,0,11
"Djordjevic D",1,0,11
"Dong RM",1,0,127
"Dong WQ",1,1,48
"Dos Reis AA",1,0,6
"Dou P",1,0,48
"Dou Y",1,0,96
"Doudkin AA",1,5,81
"Drobnjak S",1,0,11
"Du B",1,17,263
"Du WB",1,0,6
"Du XG",1,0,23
"Duan Y",1,0,0
"Duan YL",1,1,32
"Duan ZX",1,0,0
"Dupuy S",1,0,17
"Dutta AK",1,0,35
"E XH",1,0,11
"Ebel P",1,5,345
"El-Moula MMHG",1,0,1
"Elsawy R",1,0,1
"Esch T",1,4,492
"Esquerdo JCDM",1,0,6
"Eyoh A",1,0,23
"Fan CL",1,0,6
"Fan D",1,0,0
"Fan JH",1,0,14
"Fan LL",1,0,12
"Fan XS",1,0,0
"Fang W",1,0,0
"Fassnacht FE",1,0,0
"Feitosa RQ",1,1,21
"Feng C",1,0,0
"Feng H",1,0,12
"Feng L",1,0,0
"Feng RY",1,4,57
"Feng YN",1,0,0
"Figueiredo GKDA",1,0,6
"Fronte P",1,0,35
"Fu HH",1,0,127
"Fu LY",1,0,146
"Gade M",1,0,1
"Gao CT",1,0,13
"Gao F",1,0,1
"Gao HM",1,0,5
"Gao LR",1,3,37
"Gao XL",1,1,2
"Gao Y",1,0,0
"Gao YS",1,3,19
"Gao Z",1,0,5
"Gbodjo YJE",1,0,17
"Geng J",1,0,74
"Giang TL",1,2,71
"Giannopoulos I",1,0,5
"Gomathi V",1,0,0
"Gong P",1,0,127
"Gong W",1,0,0
"González-Ramírez A",1,0,3
"Good CD",1,0,0
"Gowri L",1,0,1
"Green DR",1,0,0
"Gu XF",1,0,7
"Guan QF",1,0,51
"Guan XB",1,0,48
"Guan XJ",1,0,14
"Guarraia M",1,0,9
"Gui BL",1,0,0
"Guo H",1,0,78
"Guo HL",1,0,14
"Guo KC",1,0,13
"Guo M",1,0,13
"Guo SX",1,0,66
"Guo YM",1,0,20
"Guo ZL",1,0,20
"Gómez DS",1,0,0
"Haberle M",1,1,20
"Haidarh M",1,0,3
"Halin AA",1,0,146
"Han DB",1,0,0
"Han J",1,0,51
"Han SL",1,0,1
"Han W",1,0,22
"Han ZG",1,1,11
"Hang RL",1,2,27
"Hang TY",1,0,0
"Hansch R",1,0,0
"Harris A",1,0,0
"Hartling S",1,0,171
"Hashem FA",1,0,1
"Hashimoto Y",1,0,0
"Hategekimana Y",1,0,6
"Haut JM",1,0,67
"Havens TC",1,0,6
"He SB",1,1,6
"He T",1,0,3
"He X",1,0,39
"He YQ",1,0,9
"Hell M",1,0,23
"Hellwich O",1,3,47
"Heremans R",1,5,111
"Hoffmann EJ",1,1,20
"Hossain MJ",1,0,0
"Hosseiny B",1,0,95
"Hosseinzadeh H",1,0,1
"Hou MZ",1,0,6
"Houborg R",1,0,9
"Hu B",1,0,0
"Hu JC",1,0,1
"Hu K",1,0,14
"Hu X",1,0,0
"Hu XY",1,0,4
"Hu Y",1,0,51
"Hu YB",1,0,0
"Hu YT",1,0,2
"Hua X",1,1,4
"Huang B",1,0,54
"Huang CP",1,0,6
"Huang F",1,0,24
"Huang HB",1,1,9
"Huang HF",1,0,0
"Huang HZ",1,0,16
"Huang JQ",1,0,2
"Huang K",1,0,4
"Huang LB",1,0,39
"Huang M",1,3,37
"Huang SL",1,0,0
"Huang WX",1,0,0
"Huang XY",1,0,1
"Huang ZH",1,1,31
"Huang ZY",1,1,4
"Hwang G",1,0,17
"Hyyppä J",1,0,6
"Höfle B",1,15,195
"Idri A",1,0,4
"Imani M",1,0,1
"Indu V",1,0,0
"Interdonato R",1,8,248
"Ippoliti C",1,0,35
"Irfan A",1,0,11
"Islam SMS",1,0,2
"Israr M",1,0,0
"Iwaszczuk D",1,0,4
"Jagannathan J",1,0,1
"Jamali A",1,0,67
"Jamel L",1,1,36
"Janjua N",1,0,2
"Jeong J",1,0,17
"Ji H",1,0,0
"Ji S",1,0,14
"Jia J",1,0,1
"Jia JT",1,0,10
"Jia SC",1,0,0
"Jia SJ",1,0,36
"Jiang QN",1,0,7
"Jiang W",1,0,74
"Jiao LC",1,0,10
"Jin F",1,0,10
"Jin JR",1,0,0
"Jin YF",1,0,1
"Jin Z",1,1,3
"Johnson BA",1,0,161
"Jordan D",1,0,1
"Jovanovic J",1,0,11
"Jozdani SE",1,0,161
"Junior VAD",1,0,0
"Kalaiselvi S",1,0,0
"Kalantar B",1,0,146
"Karila K",1,0,6
"Karjalainen M",1,0,6
"Kauermann G",1,0,4
"Kaushish A",1,0,0
"Khan F",1,1,36
"Khang NV",1,0,1
"Khosravi I",1,0,6
"Kojima T",1,0,0
"Koller C",1,0,4
"Kong QQ",1,0,10
"Kong XK",1,0,1
"Korting TS",1,0,0
"Koushmitha S",1,0,0
"Kraiem N",1,1,36
"Kumar PM",1,0,0
"Kune R",1,0,13
"Kuruoglu EE",1,0,0
"La Rosa LEC",1,1,21
"Lack N",1,0,1
"Lamparelli RAC",1,0,6
"Le QT",1,2,71
"Lee JS",1,0,1
"Lee SJ",1,0,17
"Lei GB",1,0,4
"Lei SQ",1,0,0
"Lei T",1,0,23
"Lei YQ",1,1,3
"Li AN",1,0,4
"Li CG",1,0,1
"Li CX",1,2,27
"Li CY",1,0,312
"Li CZ",1,0,0
"Li DL",1,0,35
"Li DR",1,0,35
"Li FP",1,0,22
"Li HF",1,0,16
"Li JL",1,0,1
"Li KY",1,0,1
"Li L",1,0,24
"Li LZ",1,0,23
"Li M",1,0,17
"Li MM",1,0,29
"Li N",1,0,5
"Li ONH",1,2,35
"Li PC",1,0,7
"Li QY",1,0,3
"Li S",1,0,4
"Li SJ",1,0,5
"Li SW",1,0,0
"Li SY",1,0,0
"Li T",1,0,0
"Li WJ",1,0,127
"Li WL",1,0,1
"Li XF",1,0,23
"Li XH",1,0,1
"Li YC",1,0,1
"Li YQ",1,0,7
"Li YY",1,0,10
"Li Z",1,0,12
"Li ZJ",1,0,0
"Liang YY",1,0,51
"Liao CY",1,0,6
"Liesenberg V",1,1,21
"Lin H",1,3,40
"Lin YY",1,3,40
"Lin YZ",1,2,16
"Ling J",1,3,33
"Liu BZ",1,0,132
"Liu C",1,0,36
"Liu CF",1,0,44
"Liu CK",1,0,0
"Liu CZ",1,0,6
"Liu D",1,0,19
"Liu GY",1,0,23
"Liu HL",1,0,42
"Liu HN",1,0,1
"Liu J",1,3,165
"Liu JK",1,1,3
"Liu JT",1,0,78
"Liu L",1,0,0
"Liu LM",1,0,0
"Liu QH",1,0,45
"Liu QY",1,0,0
"Liu S",1,0,1
"Liu WQ",1,0,0
"Liu XB",1,0,24
"Liu XQ",1,0,11
"Liu XW",1,0,2
"Liu XY",1,0,1
"Liu YK",1,0,0
"Liu YP",1,0,0
"Liu ZD",1,0,6
"Liu ZY",1,0,0
"Loganathan A",1,0,0
"Long T",1,0,33
"Low R",1,0,9
"Lu BB",1,0,8
"Lu J",1,0,24
"Lu XQ",1,5,81
"Lu Y",1,0,46
"Lu YY",1,0,5
"Lunga D",1,0,3
"Luo CB",1,0,12
"Luo D",1,0,9
"Luo P",1,0,51
"Luo Y",1,0,12
"Luo YM",1,0,0
"Lv H",1,0,14
"Lv JS",1,0,1
"Lv Q",1,0,96
"Lv XW",1,0,15
"Lv ZA",1,1,31
"Lv ZW",1,0,3
"Lv ZY",1,0,23
"Lyu G",1,1,9
"Lyu XX",1,0,6
"Lyu YC",1,0,0
"López J",1,0,3
"Ma AL",1,0,18
"Ma BK",1,0,3
"Ma H",1,0,1
"Ma JE",1,0,8
"Ma JT",1,1,6
"Ma QB",1,0,1
"Ma XG",1,0,12
"Ma YJ",1,0,42
"Ma ZM",1,4,37
"Madadikhaljan M",1,0,0
"Magalhaes PSG",1,0,6
"Mahdianpari M",1,0,95
"Majidi S",1,0,2
"Majji SR",1,0,13
"Manian V",1,0,9
"Manic S",1,0,8
"Manimegalai D",1,0,0
"Manjula KR",1,0,1
"Manoj BS",1,0,13
"Mansor S",1,0,146
"Manzanarez S",1,0,9
"Marimon B Jr",1,0,0
"Marimon BS",1,0,0
"Marmanis D",1,4,492
"Marzougui M",1,1,7
"Masood A",1,3,15
"Matikainen L",1,0,6
"Maze M",1,0,1
"Mazza A",1,0,24
"Mc Cutchan M",1,0,5
"McBride S",1,0,9
"McMaine J",1,0,9
"Megherbi DB",1,0,0
"Mena F",1,1,18
"Meng R",1,1,31
"Meng SY",1,0,0
"Meng Y",1,0,14
"Meraner A",1,5,345
"Meyer A",1,0,1
"Miao CH",1,1,11
"Miao GY",1,0,1
"Milani G",1,0,1
"Miled AB",1,0,0
"Min X",1,4,37
"Minetto R",1,0,0
"Ming DP",1,0,15
"Miranda MD",1,0,0
"Mitchell J",1,0,9
"Mo LF",1,0,7
"Mo N",1,0,24
"Moftakhari H",1,0,21
"Mohammadimanesh F",1,0,95
"Mohanty SN",1,0,0
"Monir MF",1,0,0
"Monteiro ECD",1,0,0
"Montet O",1,0,17
"Moradkhani H",1,0,21
"Mortazavi B",1,0,21
"Moser G",1,5,111
"Moussa AS",1,0,1
"Mu CH",1,0,3
"Murray BJ",1,0,6
"Muñoz DF",1,0,21
"Muñoz P",1,0,21
"Nagadevi S",1,0,0
"Nandi AK",1,0,23
"Naseem MT",1,0,0
"Ndehedehe CE",1,0,23
"Ndekelu LMN",1,0,9
"Nelson P",1,0,9
"Neyns R",1,0,107
"Nguyen VG",1,2,71
"Ni L",1,3,37
"Nidal K",1,0,1
"Nie L",1,0,6
"Nikhitha N",1,0,0
"Nishiyama S",1,0,0
"Niu X",1,0,96
"Niu XL",1,0,0
"Nuske M",1,1,18
"Okwuashi O",1,0,23
"Olayinka DN",1,0,23
"Ose K",1,0,59
"Ose RIK",1,0,15
"Owari T",1,0,20
"Pal M",1,0,31
"Pan CR",1,0,18
"Pan DL",1,0,3
"Pan JC",1,0,7
"Pan KX",1,0,10
"Pan SJ",1,0,0
"Pan SY",1,2,35
"Pande S",1,1,13
"Pang L",1,0,33
"Paramanantham PM",1,0,2
"Parikh H",1,0,3
"Pashayi M",1,0,6
"Patel S",1,0,3
"Patel V",1,0,3
"Pato M",1,17,263
"Pei HQ",1,0,20
"Peng C",1,0,10
"Peng DF",1,2,35
"Peng J",1,0,16
"Peng JT",1,0,1
"Peng Y",1,0,0
"Peng YN",1,0,0
"Perez D",1,0,46
"Pervaiz S",1,0,0
"Peñaloza FG",1,0,0
"Pham V",1,2,71
"Porrello A",1,0,35
"Potnis A",1,0,3
"Pradeepa S",1,0,1
"Pradhan B",1,0,146
"Prasad S",1,17,263
"Prema P",1,0,0
"Pu CY",1,1,32
"Pu WH",1,0,19
"Puttonen E",1,0,6
"Qi HJ",1,0,0
"Qi Q",1,0,42
"Qian M",1,4,37
"Qiang HY",1,0,8
"Qin F",1,1,11
"Qin RJ",1,1,3
"Qiu BW",1,0,12
"Qiu CP",1,1,60
"Qiu K",1,0,4
"Qu JH",1,1,48
"Qu TT",1,0,16
"Quan YJ",1,0,14
"Ramalingam VV",1,0,0
"Ramos LT",1,1,29
"Rao CJ",1,0,0
"Rao TP",1,0,0
"Rao Y",1,0,1
"Rauf F",1,0,4
"Reddy EM",1,0,0
"Reddy GG",1,0,0
"Reddy KNK",1,0,0
"Rehman MZU",1,0,2
"Rehman SU",1,3,15
"Reinartz P",1,0,6
"Ren BP",1,0,1
"Ren DW",1,0,1
"Ren FH",1,0,16
"Ren P",1,0,12
"Ren SL",1,0,51
"Ren YG",1,0,3
"Ren YY",1,0,42
"Rizzoli P",1,0,24
"Rotich G",1,0,0
"Roy S",1,0,0
"Rubab S",1,1,7
"Rui J",1,0,10
"Saeidi V",1,0,146
"Safari MM",1,0,0
"Sagan V",1,0,171
"Saidani O",1,1,7
"Salehi B",1,0,95
"Sam L",1,0,0
"Santhi V",1,0,0
"Santos M",1,0,9
"Sappa AD",1,1,29
"Sar A",1,0,0
"Sarkar S",1,0,0
"Sasikaladevi N",1,0,1
"Satari M",1,0,6
"Scarpa G",1,0,24
"Schimalski MB",1,1,21
"Schönholzer M",1,0,1
"Sebt MA",1,0,3
"Seenivasan SR",1,0,2
"Segundo MP",1,0,0
"Shah AM",1,0,8
"Shah-Hosseini R",1,0,2
"Shaheen S",1,0,7
"Shahraki MM",1,0,6
"Shailaja P",1,0,0
"Shakya A",1,0,31
"Shang RH",1,0,10
"Shao FJ",1,0,5
"Shao MM",1,0,1
"Shao XW",1,0,20
"Shao ZT",1,0,0
"Sharifi A",1,0,0
"Shen HR",1,0,8
"Shen X",1,0,35
"Sheng QH",1,1,9
"Shi XD",1,0,20
"Shi ZW",1,0,1
"Shibasaki R",1,0,20
"Shu DY",1,0,6
"Sica F",1,0,24
"Sidike P",1,0,171
"Sim W",1,0,1
"Sirous A",1,0,6
"Song G",1,0,0
"Song JR",1,0,10
"Song JW",1,0,0
"Song WD",1,0,1
"Song WW",1,0,5
"Song X",1,0,10
"Song XY",1,0,20
"Sorokine A",1,0,3
"Sothe C",1,1,21
"Soufi O",1,0,0
"Sri PA",1,0,0
"Stilla U",1,4,492
"Stojanovic M",1,0,11
"Su JY",1,0,8
"Sui Y",1,0,5
"Sukhanov S",1,5,111
"Sukul A",1,0,67
"Sun GM",1,0,11
"Sun L",1,0,146
"Sun LY",1,0,66
"Sun R",1,1,31
"Sun WW",1,0,1
"Sun X",1,0,12
"Sun YF",1,0,7
"Sun YL",1,0,44
"Sun YX",1,0,7
"Sun ZM",1,0,0
"Sun ZZ",1,0,44
"Tabiti K",1,0,4
"Taleghanidoozdoozan S",1,0,1
"Tan X",1,0,26
"Tan XC",1,0,24
"Tang H",1,1,31
"Tang LL",1,0,45
"Tang Y",1,1,3
"Tang Z",1,0,26
"Tankoyeu I",1,5,111
"Tao J",1,0,24
"Tao P",1,0,7
"Tao R",1,6,196
"Taqi MO",1,0,1
"Teng YH",1,0,10
"Thirumoorthy G",1,0,35
"Tian QJ",1,0,7
"Tian SF",1,0,4
"Tian X",1,0,0
"Tiwari KC",1,1,4
"Tong CZ",1,0,15
"Tong SS",1,2,71
"Tong XC",1,1,60
"Toro APSGD",1,0,6
"Torres-Roman D",1,0,3
"Tran KH",1,0,9
"Tsagkatakis G",1,0,18
"Tsakalides P",1,0,18
"Tsuyuki S",1,0,20
"Tu LL",1,1,1
"Tuia D",1,5,111
"Ueda N",1,0,146
"Ulhaq A",1,0,2
"Ullo SL",1,0,6
"Um JS",1,0,0
"Vadivel MT",1,0,1
"Vincenzi S",1,0,35
"Vohra R",1,1,4
"Wan LM",1,3,40
"Wan SD",1,0,11
"Wang AC",1,0,1
"Wang CL",1,0,0
"Wang D",1,0,0
"Wang GQ",1,1,29
"Wang GW",1,0,0
"Wang H",1,0,6
"Wang HL",1,0,14
"Wang JB",1,0,0
"Wang JH",1,0,54
"Wang JJ",1,0,0
"Wang JL",1,0,17
"Wang KL",1,0,0
"Wang KX",1,0,1
"Wang LG",1,1,3
"Wang LY",1,0,18
"Wang MY",1,0,6
"Wang QS",1,0,0
"Wang QY",1,0,16
"Wang R",1,0,6
"Wang SH",1,0,17
"Wang SL",1,0,17
"Wang T",1,3,40
"Wang X",1,0,0
"Wang XD",1,0,1
"Wang XH",1,0,0
"Wang YC",1,0,12
"Wang YL",1,0,0
"Wang YS",1,0,0
"Wang YX",1,0,0
"Wang YY",1,1,4
"Wang ZP",1,0,19
"Wang ZX",1,1,29
"Wei GQ",1,1,4
"Wei SC",1,0,12
"Wei XL",1,0,0
"Wei XQ",1,0,0
"Wen BH",1,0,0
"Weng QH",1,0,45
"Werner JPS",1,0,6
"Wilbik A",1,0,6
"Wilkin T",1,0,6
"Wohlgemuth J",1,0,3
"Wu C",1,0,2
"Wu FL",1,0,12
"Wu GM",1,0,20
"Wu HB",1,0,36
"Wu J",1,1,31
"Wu LX",1,0,1
"Wu P",1,0,7
"Wu PH",1,0,18
"Wu SR",1,0,12
"Wu ST",1,0,47
"Wu WB",1,0,12
"Wu WF",1,0,0
"Wu X",1,0,450
"Wu XC",1,0,1
"Wu XH",1,0,0
"Wu Y",1,0,17
"Wu YL",1,0,18
"Wu ZB",1,0,146
"Wu ZN",1,0,14
"Xia CX",1,0,1
"Xia F",1,0,96
"Xia JS",1,5,111
"Xia L",1,0,12
"Xiao JB",1,0,5
"Xiao S",1,1,48
"Xiao Y",1,0,0
"Xiao YJ",1,0,11
"Xie C",1,0,0
"Xie X",1,0,1
"Xie ZW",1,0,3
"Xin L",1,0,36
"Xing GL",1,0,1
"Xing JL",1,0,7
"Xing S",1,0,7
"Xiong QB",1,0,1
"Xiong XZ",1,0,0
"Xiong YF",1,0,66
"Xu BY",1,1,31
"Xu DD",1,0,12
"Xu JB",1,0,96
"Xu JF",1,1,9
"Xu JH",1,0,43
"Xu JQ",1,0,96
"Xu LL",1,0,1
"Xu Q",1,0,7
"Xu SF",1,0,5
"Xu WM",1,0,10
"Xu WN",1,0,66
"Xu XH",1,0,0
"Xu YF",1,0,1
"Xu YH",1,17,263
"Xu YJ",1,0,44
"Xu ZY",1,0,74
"Xue HY",1,0,8
"Xue ML",1,0,0
"Yan JN",1,4,57
"Yan L",1,0,24
"Yan M",1,0,1
"Yan XQ",1,0,51
"Yang BN",1,0,4
"Yang CX",1,3,165
"Yang D",1,0,9
"Yang K",1,0,8
"Yang LX",1,0,3
"Yang P",1,0,12
"Yang QY",1,0,42
"Yang T",1,1,48
"Yang W",1,0,8
"Yang XB",1,0,10
"Yang Y",1,0,16
"Yang YK",1,0,2
"Yang ZX",1,0,33
"Yao Y",1,0,51
"Ye ZJ",1,0,1
"Yi XM",1,0,7
"Yim JS",1,0,1
"Yoshida K",1,0,0
"You J",1,0,35
"Youme O",1,1,59
"Yu C",1,0,0
"Yu CY",1,0,0
"Yu CZ",1,0,1
"Yu H",1,0,1
"Yu JC",1,0,0
"Yu T",1,0,1
"Yuan QQ",1,0,6
"Yuan XL",1,0,16
"Yue DX",1,0,0
"Yue LW",1,0,6
"Zalah I",1,0,0
"Zang Q",1,0,2
"Zarro C",1,0,6
"Zeng DD",1,0,36
"Zeng YL",1,0,3
"Zeng YX",1,0,0
"Zhai SZ",1,0,3
"Zhang BA",1,1,2
"Zhang CG",1,0,12
"Zhang D",1,0,1
"Zhang G",1,0,35
"Zhang GX",1,1,3
"Zhang H",1,0,3
"Zhang HB",1,0,6
"Zhang HR",1,0,20
"Zhang HT",1,3,37
"Zhang JC",1,0,1
"Zhang JL",1,0,33
"Zhang JW",1,0,1
"Zhang MJ",1,0,33
"Zhang P",1,0,17
"Zhang QL",1,0,19
"Zhang QX",1,0,2
"Zhang RR",1,0,14
"Zhang T",1,1,48
"Zhang TL",1,0,6
"Zhang WG",1,0,6
"Zhang X",1,0,45
"Zhang XF",1,0,42
"Zhang XM",1,0,7
"Zhang XY",1,0,0
"Zhang Y",1,0,0
"Zhang YD",1,0,8
"Zhang YH",1,4,37
"Zhang YJ",1,0,5
"Zhang YM",1,0,0
"Zhang YX",1,6,196
"Zhang YY",1,0,5
"Zhang ZL",1,0,4
"Zhang ZM",1,0,5
"Zhang ZY",1,0,0
"Zhao CH",1,0,7
"Zhao CY",1,0,1
"Zhao DXY",1,0,33
"Zhao EY",1,0,0
"Zhao F",1,1,31
"Zhao H",1,1,9
"Zhao JZ",1,0,18
"Zhao L",1,0,16
"Zhao PC",1,0,17
"Zhao QQ",1,0,11
"Zhao RX",1,0,2
"Zhao S",1,0,0
"Zhao Y",1,0,3
"Zhao YX",1,0,6
"Zheng G",1,0,23
"Zheng MJ",1,0,17
"Zheng WK",1,0,0
"Zheng XR",1,0,66
"Zheng XT",1,5,81
"Zheng YH",1,0,146
"Zheng ZZ",1,3,40
"Zhong X",1,0,0
"Zhong ZP",1,1,3
"Zhou GD",1,0,43
"Zhou KQ",1,0,15
"Zhou LF",1,1,31
"Zhou P",1,0,8
"Zhou S",1,0,6
"Zhou T",1,0,6
"Zhou TF",1,0,13
"Zhou W",1,0,29
"Zhou XR",1,0,1
"Zhou XY",1,0,0
"Zhou Y",1,0,2
"Zhou YH",1,0,14
"Zhou YQ",1,0,13
"Zhu CK",1,0,0
"Zhu D",1,0,7
"Zhu DM",1,0,0
"Zhu DY",1,0,16
"Zhu GW",1,0,16
"Zhu HB",1,0,1
"Zhu JT",1,0,1
"Zhu JW",1,0,16
"Zhu MZ",1,0,23
"Zhu RX",1,0,24
"Zong YJ",1,0,1
"Zou FD",1,0,0
"Zou HJ",1,2,16
"Zou XC",1,0,7
