document id	cited reference id	frequency
2	3351	1
2	4699	1
3	649	1
3	5022	1
5	7582	1
6	6581	1
7	1302	1
7	3283	1
8	3060	1
8	3351	1
8	4131	1
8	6581	1
8	7582	1
9	9708	1
10	3060	1
11	3283	1
11	3351	1
11	8555	1
11	9708	1
12	649	1
12	1732	1
12	6581	1
12	7056	1
12	9421	1
13	649	1
13	1302	1
13	3060	1
13	4131	1
13	6581	1
13	9421	1
15	1300	1
15	6581	1
18	1931	1
18	2973	1
18	3209	1
18	3213	1
18	3214	1
18	4071	1
18	4699	1
18	5616	1
18	7743	1
18	8353	1
18	8555	1
18	8763	1
19	3209	1
19	3283	1
19	5022	1
19	6581	1
19	8353	1
19	9708	1
20	1300	1
20	1302	1
20	3060	1
20	4071	1
20	5022	1
20	6581	1
20	9421	1
20	9708	1
21	1931	1
21	3060	1
21	7743	1
22	1300	1
22	1302	1
22	6581	1
23	1302	1
23	3060	1
23	3209	1
23	4131	1
23	8555	1
23	9708	1
24	3209	1
24	3213	1
24	3215	1
24	3283	1
24	9708	1
25	3351	1
26	6581	1
28	9708	1
29	649	1
29	1300	1
29	5022	1
29	6581	1
29	7582	1
30	7743	1
31	1931	1
31	2973	1
31	3215	1
31	5616	1
31	8555	1
33	8555	1
34	649	1
34	1300	1
34	1302	1
34	6581	1
34	9421	1
35	1302	1
35	3060	1
35	4131	1
35	6581	1
35	9421	1
36	1931	1
39	649	1
39	1300	1
39	1302	1
39	3283	1
39	3361	1
39	4071	1
39	5022	1
39	6581	1
39	7056	1
39	9421	1
40	3209	1
40	5616	1
40	8555	1
41	4131	1
41	9708	1
42	3213	1
42	3215	1
43	4699	1
44	3060	1
44	6581	1
44	7056	1
45	3283	1
46	1732	1
46	9708	1
48	1732	1
48	1931	1
48	2973	1
48	7743	1
48	8763	1
49	6581	1
50	1302	1
50	3209	1
50	8555	1
50	9421	1
51	7582	1
52	1302	1
52	3283	1
52	5022	1
52	6581	1
52	7582	1
52	9421	1
53	3060	1
53	3283	1
53	5616	1
53	6581	1
53	8763	1
54	2973	1
54	5616	1
54	8555	1
55	3060	1
55	3361	1
56	3060	1
56	3361	1
58	1931	1
59	649	1
59	1300	1
59	1302	1
59	3283	1
59	6581	1
59	7056	1
59	7743	1
59	9421	1
60	1732	1
60	4071	1
60	4699	1
61	4131	1
62	4071	1
63	4131	1
63	9708	1
64	3209	1
64	4071	1
64	4131	1
64	9708	1
65	7743	1
66	3215	1
66	7743	1
67	3351	1
67	3361	1
67	6581	1
67	9708	1
68	1302	1
68	5022	1
68	6581	1
68	9421	1
69	1732	1
69	3213	1
71	4071	1
71	4131	1
71	7056	1
72	2973	1
72	3060	1
72	3209	1
72	7056	1
72	7743	1
73	9708	1
74	3361	1
74	4071	1
75	1732	1
75	2973	1
75	3214	1
75	3215	1
76	4071	1
77	3060	1
78	649	1
78	1302	1
78	3060	1
78	3283	1
78	3361	1
78	4131	1
78	5022	1
78	6581	1
78	7056	1
78	7743	1
78	9421	1
81	4071	1
82	3209	1
82	3215	1
82	7743	1
83	1300	1
83	1931	1
83	6581	1
83	7582	1
83	9421	1
84	3213	1
84	7582	1
85	4131	1
85	9708	1
86	649	1
86	1302	1
86	3060	1
86	3209	1
86	6581	1
87	1732	1
87	5616	1
87	8555	1
88	649	1
88	1300	1
88	1302	1
88	3060	1
88	3283	1
88	6581	1
88	7743	1
88	9421	1
91	1300	1
91	3060	1
91	6581	1
91	9708	1
92	6581	1
93	6581	1
94	1732	1
95	7582	1
96	1732	1
97	5022	1
97	7056	1
98	8353	1
98	8763	1
99	1300	1
99	1302	1
99	3351	1
99	4071	1
99	4131	1
99	5022	1
99	7056	1
99	7582	1
99	9421	1
100	1300	1
100	6581	1
100	7582	1
102	3060	1
102	3351	1
102	3361	1
102	4071	1
103	1300	1
103	1302	1
103	3283	1
104	3060	1
104	3351	1
104	4699	1
104	7056	1
104	8555	1
106	3060	1
106	4131	1
107	1732	1
107	2973	1
107	3209	1
107	4699	1
107	5616	1
107	8555	1
108	649	1
108	1302	1
108	3060	1
108	3283	1
108	4071	1
108	6581	1
108	7056	1
109	3060	1
110	2973	1
110	4071	1
110	8555	1
111	3060	1
111	7056	1
112	2973	1
112	3213	1
112	3214	1
112	4699	1
113	3209	1
113	3213	1
113	3214	1
113	5616	1
113	8353	1
114	3060	1
114	6581	1
114	9708	1
115	649	1
115	1931	1
115	7582	1
115	8763	1
115	9421	1
116	4699	1
116	8555	1
118	3351	1
118	9708	1
121	3060	1
121	3209	1
121	3361	1
122	1931	1
122	4131	1
122	6581	1
124	1732	1
124	2973	1
124	3060	1
124	3209	1
124	3213	1
124	3214	1
124	4071	1
124	4131	1
124	5616	1
124	7056	1
124	8353	1
124	8555	1
125	3361	1
125	4071	1
126	2973	1
126	3213	1
126	3214	1
126	3215	1
126	7743	1
126	8353	1
127	5022	1
128	3361	1
129	1732	1
129	3361	1
129	8555	1
131	3283	1
132	6581	1
133	649	1
133	3351	1
133	4071	1
133	5022	1
133	6581	1
133	7582	1
134	4071	1
135	1302	1
135	3060	1
135	5022	1
135	6581	1
136	3060	1
137	6581	1
137	9708	1
138	1732	1
138	1931	1
138	3215	1
138	4699	1
138	8763	1
138	9708	1
139	6581	1
140	3361	1
140	4071	1
140	5022	1
140	6581	1
140	7056	1
140	9708	1
141	1300	1
142	3060	1
142	3213	1
142	3215	1
142	3283	1
142	7056	1
142	8555	1
142	9708	1
143	6581	1
144	2973	1
144	3209	1
144	3213	1
144	3214	1
144	5616	1
145	1732	1
145	3209	1
145	3213	1
145	3214	1
145	3215	1
145	8353	1
145	8555	1
145	8763	1
147	649	1
147	1302	1
147	3060	1
147	5022	1
147	6581	1
147	7743	1
147	9421	1
148	1732	1
148	1931	1
148	2973	1
148	3209	1
148	8353	1
148	8763	1
148	9708	1
149	4071	1
150	4071	1
150	5022	1
150	6581	1
151	2973	1
151	3214	1
151	8353	1
151	8555	1
152	3283	1
152	7582	1
153	1732	1
153	3209	1
153	4699	1
153	8555	1
154	6581	1
154	8763	1
155	7743	1
156	2973	1
156	3213	1
156	3214	1
156	8353	1
156	8555	1
156	8763	1
157	2973	1
157	3209	1
157	3214	1
157	4699	1
157	5616	1
157	8555	1
159	2973	1
159	3214	1
159	8555	1
159	8763	1
160	1732	1
160	3209	1
160	5616	1
160	8555	1
161	1931	1
161	3060	1
161	3209	1
161	4131	1
161	8763	1
161	9708	1
163	3060	1
163	9708	1
164	1732	1
164	3351	1
164	8555	1
164	9708	1
165	1931	1
165	2973	1
165	3215	1
165	7743	1
166	1931	1
166	7743	1
167	3361	1
167	6581	1
168	8555	1
169	1302	1
169	3060	1
169	6581	1
169	7743	1
169	9421	1
170	3351	1
171	649	1
171	1302	1
171	3209	1
171	3213	1
171	3283	1
171	4131	1
171	6581	1
171	7582	1
171	8555	1
172	1300	1
172	1732	1
172	1931	1
172	3213	1
172	3214	1
172	4699	1
172	5616	1
172	8555	1
172	9421	1
173	3060	1
174	2973	1
174	3214	1
174	4699	1
174	5616	1
175	1732	1
175	1931	1
175	2973	1
175	3209	1
175	3213	1
175	3214	1
175	5616	1
175	7743	1
175	8353	1
175	8555	1
175	8763	1
177	2973	1
177	3060	1
177	3214	1
177	3215	1
177	4699	1
177	5616	1
177	8353	1
177	8555	1
177	8763	1
179	9708	1
180	1302	1
180	3060	1
180	3283	1
180	3361	1
180	5022	1
180	6581	1
180	7056	1
180	9421	1
183	6581	1
183	8555	1
183	9708	1
184	3060	1
184	3215	1
186	1300	1
186	1931	1
186	3060	1
186	5022	1
186	6581	1
186	7743	1
187	649	1
187	1300	1
187	1302	1
187	3060	1
187	3283	1
187	5022	1
187	6581	1
187	9421	1
187	9708	1
189	1732	1
189	1931	1
189	2973	1
189	3214	1
189	3215	1
190	3361	1
190	9708	1
191	3060	1
191	3209	1
192	2973	1
192	3209	1
192	3214	1
192	3215	1
192	8353	1
192	8555	1
192	8763	1
193	2973	1
193	3213	1
193	3214	1
193	3283	1
193	7743	1
193	8555	1
194	3351	1
195	1300	1
195	3351	1
196	2973	1
196	3214	1
196	3215	1
196	4699	1
196	8353	1
196	8555	1
197	1732	1
197	2973	1
197	3214	1
197	3361	1
197	5616	1
197	8555	1
198	1931	1
198	3060	1
198	3213	1
198	3361	1
198	7056	1
198	7582	1
200	2973	1
200	3214	1
200	7743	1
202	7582	1
203	2973	1
203	3209	1
203	3213	1
203	3214	1
203	3215	1
203	4699	1
203	7743	1
203	8353	1
204	1302	1
204	2973	1
204	3209	1
204	3351	1
204	4071	1
204	4131	1
204	8353	1
204	8555	1
204	9708	1
205	2973	1
205	3209	1
205	3213	1
205	3214	1
205	4699	1
206	1732	1
206	3213	1
206	8353	1
206	8763	1
208	2973	1
208	3214	1
208	3215	1
208	4699	1
208	5616	1
208	8353	1
208	8555	1
208	8763	1
209	3060	1
209	4071	1
211	1931	1
211	3215	1
214	7056	1
215	1300	1
215	1302	1
215	3060	1
215	3361	1
215	6581	1
215	7743	1
215	9421	1
216	3215	1
217	1732	1
217	2973	1
217	3060	1
217	3209	1
217	3213	1
217	3214	1
217	3215	1
217	4071	1
217	5616	1
217	8353	1
218	2973	1
218	3209	1
218	3213	1
218	3214	1
218	3215	1
218	4699	1
218	8353	1
219	3060	1
219	7743	1
220	3060	1
220	3283	1
220	3361	1
220	7056	1
221	649	1
221	1302	1
221	3060	1
221	3214	1
221	3283	1
221	5022	1
221	6581	1
221	9421	1
221	9708	1
222	5022	1
222	6581	1
222	7743	1
223	649	1
223	3060	1
223	3283	1
223	5022	1
223	6581	1
223	7743	1
223	9421	1
224	3209	1
224	3213	1
224	3215	1
224	7743	1
225	9708	1
227	649	1
227	1302	1
227	1931	1
227	3060	1
227	5022	1
227	6581	1
227	7582	1
227	9421	1
228	3060	1
228	4131	1
228	6581	1
228	7743	1
229	2973	1
229	3209	1
229	3215	1
229	8353	1
229	8763	1
230	1931	1
230	3209	1
230	3214	1
231	3351	1
231	3361	1
231	7056	1
231	9708	1
232	3351	1
232	7056	1
234	3060	1
234	4071	1
234	4131	1
235	649	1
235	1300	1
235	1302	1
235	5022	1
235	6581	1
235	7582	1
235	9421	1
236	3351	1
237	3209	1
237	3213	1
237	8353	1
238	3213	1
238	3351	1
239	2973	1
239	4699	1
239	5616	1
239	8555	1
240	2973	1
240	3209	1
240	3213	1
240	8353	1
240	8555	1
242	1302	1
242	1931	1
242	3060	1
242	6581	1
242	8353	1
243	2973	1
243	3060	1
243	3209	1
243	3213	1
243	8555	1
244	1302	1
244	1931	1
244	3209	1
244	6581	1
244	7743	1
244	8763	1
245	3060	1
245	3283	1
245	3351	1
245	3361	1
245	4071	1
245	7056	1
245	7743	1
246	8763	1
248	4131	1
248	7582	1
250	3060	1
250	3351	1
250	4131	1
251	1732	1
254	3213	1
254	3283	1
254	6581	1
255	3060	1
255	4071	1
255	4131	1
256	1300	1
256	7582	1
256	7743	1
256	9421	1
257	3209	1
257	4131	1
258	7743	1
259	3361	1
261	3060	1
263	3214	1
263	3283	1
263	7056	1
263	9708	1
264	4131	1
